-- --------------------------------------------------------
-- Hôte :                        127.0.0.1
-- Version du serveur:           10.2.12-MariaDB - mariadb.org binary distribution
-- SE du serveur:                Win64
-- HeidiSQL Version:             9.4.0.5125
-- --------------------------------------------------------

/*!40101 SET @OLD_CHARACTER_SET_CLIENT=@@CHARACTER_SET_CLIENT */;
/*!40101 SET NAMES utf8 */;
/*!50503 SET NAMES utf8mb4 */;
/*!40014 SET @OLD_FOREIGN_KEY_CHECKS=@@FOREIGN_KEY_CHECKS, FOREIGN_KEY_CHECKS=0 */;
/*!40101 SET @OLD_SQL_MODE=@@SQL_MODE, SQL_MODE='NO_AUTO_VALUE_ON_ZERO' */;

-- Export de la structure de la table pvhd. b2csf_guideme_answer
CREATE TABLE IF NOT EXISTS `b2csf_guideme_answer` (
  `id` int(11) NOT NULL AUTO_INCREMENT,
  `question_id` int(11) DEFAULT NULL,
  `code` varchar(55) COLLATE utf8_unicode_ci NOT NULL,
  `label` varchar(255) COLLATE utf8_unicode_ci NOT NULL,
  `variability` varchar(10) COLLATE utf8_unicode_ci DEFAULT NULL,
  PRIMARY KEY (`id`),
  KEY `IDX_869939671E27F6BF` (`question_id`)
) ENGINE=InnoDB AUTO_INCREMENT=35 DEFAULT CHARSET=utf8 COLLATE=utf8_unicode_ci;

-- Export de données de la table pvhd.b2csf_guideme_answer : ~34 rows (environ)
DELETE FROM `b2csf_guideme_answer`;
/*!40000 ALTER TABLE `b2csf_guideme_answer` DISABLE KEYS */;
INSERT INTO `b2csf_guideme_answer` (`id`, `question_id`, `code`, `label`, `variability`) VALUES
	(1, 1, 'fr', 'FR', 'market'),
	(2, 1, 'nl', 'NL', 'market'),
	(3, 1, 'de', 'DE', 'market'),
	(4, 1, 'ch', 'CH', 'market'),
	(5, 1, 'com', 'COM', 'market'),
	(6, 1, 'be', 'BE', 'market'),
	(7, 2, 'babies', 'Babies', NULL),
	(8, 2, 'young-kids', 'young kids', NULL),
	(9, 2, 'teenagers', 'teenagers', NULL),
	(10, 2, 'couple', 'couple', NULL),
	(11, 2, 'friends', 'friends', NULL),
	(12, 2, 'big-group', 'big group', NULL),
	(13, 3, 'watersport', 'watersport', NULL),
	(14, 3, 'wintersport-outdoor-indoor', 'wintersport (outdoor/indoor)', NULL),
	(15, 3, 'wellness', 'wellness', NULL),
	(16, 3, 'nature-surroundings', 'nature surroundings', NULL),
	(17, 3, 'things-to-do-in-environment', 'things to do in environment', NULL),
	(18, 3, 'fishing', 'fishing', NULL),
	(19, 3, 'mountainbiking', 'mountainbiking', NULL),
	(20, 3, 'cycling-walking', 'cycling/walking', NULL),
	(21, 3, 'golf-in-or-close-to-park', 'golf (in or close to park)', NULL),
	(22, 3, 'duiken', 'duiken', NULL),
	(23, 4, 'coast-park', 'Coast park', NULL),
	(24, 4, 'park-near-coast-within-1h-driving-distance', 'Park near coast (within 1h driving distance)', NULL),
	(25, 4, 'forest-park', 'Forest park ', NULL),
	(26, 4, 'park-with-a-recreation-lake', 'Park with a (recreation) lake', NULL),
	(27, 4, 'park-with-a-recreation-lake-with-attached-beach', 'Park with a  (recreation) lake with attached beach', NULL),
	(28, 4, 'hilly-landscape-careful-with-naming-overpromising', 'Hilly landscape (careful with naming-overpromising)', NULL),
	(29, 5, 'cottage-fully-equipped-bungalow-incl-garden', 'Cottage (fully equipped bungalow, incl. garden..)', NULL),
	(30, 5, 'hotel-hotel-appartement-hotelservice', 'Hotel/hotel appartement (hotelservice)', NULL),
	(31, 5, 'appartment-same-facilities-as-cottage-smaller-kitchen', 'Appartment (same facilities as cottage, smaller kitchen..)', NULL),
	(32, 5, 'waterfront-suite-explanation', 'Waterfront Suite (explanation)', NULL),
	(33, 5, 'boat-house-explanation', 'Boat house (explanation) ', NULL),
	(34, 5, 'tree-house-explanation', 'Tree house (explanation)', NULL);
/*!40000 ALTER TABLE `b2csf_guideme_answer` ENABLE KEYS */;

-- Export de la structure de la table pvhd. b2csf_guideme_answer_value
CREATE TABLE IF NOT EXISTS `b2csf_guideme_answer_value` (
  `id` int(11) NOT NULL AUTO_INCREMENT,
  `answer_id` int(11) DEFAULT NULL,
  `offer_code` varchar(2) COLLATE utf8_unicode_ci NOT NULL,
  `value` int(11) NOT NULL DEFAULT 0,
  PRIMARY KEY (`id`),
  KEY `IDX_B7F98A1AA334807` (`answer_id`)
) ENGINE=InnoDB AUTO_INCREMENT=749 DEFAULT CHARSET=utf8 COLLATE=utf8_unicode_ci;

-- Export de données de la table pvhd.b2csf_guideme_answer_value : ~748 rows (environ)
DELETE FROM `b2csf_guideme_answer_value`;
/*!40000 ALTER TABLE `b2csf_guideme_answer_value` DISABLE KEYS */;
INSERT INTO `b2csf_guideme_answer_value` (`id`, `answer_id`, `offer_code`, `value`) VALUES
	(1, 34, 'VM', 22),
	(2, 34, 'VM', 22),
	(3, 34, 'PZ', 22),
	(4, 34, 'SR', 22),
	(5, 34, 'VM', 22),
	(6, 34, 'VM', 22),
	(7, 34, 'PZ', 22),
	(8, 34, 'SR', 22),
	(9, 34, 'VM', 22),
	(10, 34, 'VM', 22),
	(11, 34, 'PZ', 22),
	(12, 34, 'SR', 22),
	(13, 34, 'VM', 22),
	(14, 34, 'VM', 22),
	(15, 34, 'PZ', 22),
	(16, 34, 'SR', 22),
	(17, 34, 'VM', 22),
	(18, 34, 'VM', 22),
	(19, 34, 'PZ', 22),
	(20, 34, 'SR', 22),
	(21, 34, 'VM', 22),
	(22, 34, 'VM', 22),
	(23, 34, 'PZ', 22),
	(24, 34, 'SR', 22),
	(25, 34, 'VM', 22),
	(26, 34, 'VM', 22),
	(27, 34, 'PZ', 22),
	(28, 34, 'SR', 22),
	(29, 34, 'VM', 22),
	(30, 34, 'VM', 22),
	(31, 34, 'PZ', 22),
	(32, 34, 'SR', 22),
	(33, 34, 'VM', 22),
	(34, 34, 'VM', 22),
	(35, 34, 'EP', 21),
	(36, 34, 'EP', 21),
	(37, 34, 'ZV', 21),
	(38, 34, 'TF', 21),
	(39, 34, 'EP', 21),
	(40, 34, 'EP', 21),
	(41, 34, 'ZV', 21),
	(42, 34, 'TF', 21),
	(43, 34, 'EP', 21),
	(44, 34, 'EP', 21),
	(45, 34, 'ZV', 21),
	(46, 34, 'TF', 21),
	(47, 34, 'EP', 21),
	(48, 34, 'EP', 21),
	(49, 34, 'ZV', 21),
	(50, 34, 'TF', 21),
	(51, 34, 'EP', 21),
	(52, 34, 'EP', 21),
	(53, 34, 'ZV', 21),
	(54, 34, 'TF', 21),
	(55, 34, 'EP', 21),
	(56, 34, 'EP', 21),
	(57, 34, 'ZV', 21),
	(58, 34, 'TF', 21),
	(59, 34, 'EP', 21),
	(60, 34, 'EP', 21),
	(61, 34, 'ZV', 21),
	(62, 34, 'TF', 21),
	(63, 34, 'EP', 21),
	(64, 34, 'EP', 21),
	(65, 34, 'ZV', 21),
	(66, 34, 'TF', 21),
	(67, 34, 'EP', 21),
	(68, 34, 'EP', 21),
	(69, 34, 'AR', 20),
	(70, 34, 'AR', 20),
	(71, 34, 'MD', 20),
	(72, 34, 'LA', 20),
	(73, 34, 'AR', 20),
	(74, 34, 'AR', 20),
	(75, 34, 'MD', 20),
	(76, 34, 'LA', 20),
	(77, 34, 'AR', 20),
	(78, 34, 'AR', 20),
	(79, 34, 'MD', 20),
	(80, 34, 'LA', 20),
	(81, 34, 'AR', 20),
	(82, 34, 'AR', 20),
	(83, 34, 'MD', 20),
	(84, 34, 'LA', 20),
	(85, 34, 'AR', 20),
	(86, 34, 'AR', 20),
	(87, 34, 'MD', 20),
	(88, 34, 'LA', 20),
	(89, 34, 'AR', 20),
	(90, 34, 'AR', 20),
	(91, 34, 'MD', 20),
	(92, 34, 'LA', 20),
	(93, 34, 'AR', 20),
	(94, 34, 'AR', 20),
	(95, 34, 'MD', 20),
	(96, 34, 'LA', 20),
	(97, 34, 'AR', 20),
	(98, 34, 'AR', 20),
	(99, 34, 'MD', 20),
	(100, 34, 'LA', 20),
	(101, 34, 'AR', 20),
	(102, 34, 'AR', 20),
	(103, 34, 'HB', 19),
	(104, 34, 'HB', 19),
	(105, 34, 'HH', 19),
	(106, 34, 'BD', 19),
	(107, 34, 'HB', 19),
	(108, 34, 'HB', 19),
	(109, 34, 'HH', 19),
	(110, 34, 'BD', 19),
	(111, 34, 'HB', 19),
	(112, 34, 'HB', 19),
	(113, 34, 'HH', 19),
	(114, 34, 'BD', 19),
	(115, 34, 'HB', 19),
	(116, 34, 'HB', 19),
	(117, 34, 'HH', 19),
	(118, 34, 'BD', 19),
	(119, 34, 'HB', 19),
	(120, 34, 'HB', 19),
	(121, 34, 'HH', 19),
	(122, 34, 'BD', 19),
	(123, 34, 'HB', 19),
	(124, 34, 'HB', 19),
	(125, 34, 'HH', 19),
	(126, 34, 'BD', 19),
	(127, 34, 'HB', 19),
	(128, 34, 'HB', 19),
	(129, 34, 'HH', 19),
	(130, 34, 'BD', 19),
	(131, 34, 'HB', 19),
	(132, 34, 'HB', 19),
	(133, 34, 'HH', 19),
	(134, 34, 'BD', 19),
	(135, 34, 'HB', 19),
	(136, 34, 'HB', 19),
	(137, 34, 'EH', 18),
	(138, 34, 'EH', 18),
	(139, 34, 'KV', 18),
	(140, 34, 'BF', 18),
	(141, 34, 'EH', 18),
	(142, 34, 'EH', 18),
	(143, 34, 'KV', 18),
	(144, 34, 'BF', 18),
	(145, 34, 'EH', 18),
	(146, 34, 'EH', 18),
	(147, 34, 'KV', 18),
	(148, 34, 'BF', 18),
	(149, 34, 'EH', 18),
	(150, 34, 'EH', 18),
	(151, 34, 'KV', 18),
	(152, 34, 'BF', 18),
	(153, 34, 'EH', 18),
	(154, 34, 'EH', 18),
	(155, 34, 'KV', 18),
	(156, 34, 'BF', 18),
	(157, 34, 'EH', 18),
	(158, 34, 'EH', 18),
	(159, 34, 'KV', 18),
	(160, 34, 'BF', 18),
	(161, 34, 'EH', 18),
	(162, 34, 'EH', 18),
	(163, 34, 'KV', 18),
	(164, 34, 'BF', 18),
	(165, 34, 'EH', 18),
	(166, 34, 'EH', 18),
	(167, 34, 'KV', 18),
	(168, 34, 'BF', 18),
	(169, 34, 'EH', 18),
	(170, 34, 'EH', 18),
	(171, 34, 'PZ', 17),
	(172, 34, 'PZ', 17),
	(173, 34, 'LH', 17),
	(174, 34, 'CH', 17),
	(175, 34, 'PZ', 17),
	(176, 34, 'PZ', 17),
	(177, 34, 'LH', 17),
	(178, 34, 'CH', 17),
	(179, 34, 'PZ', 17),
	(180, 34, 'PZ', 17),
	(181, 34, 'LH', 17),
	(182, 34, 'CH', 17),
	(183, 34, 'PZ', 17),
	(184, 34, 'PZ', 17),
	(185, 34, 'LH', 17),
	(186, 34, 'CH', 17),
	(187, 34, 'PZ', 17),
	(188, 34, 'PZ', 17),
	(189, 34, 'LH', 17),
	(190, 34, 'CH', 17),
	(191, 34, 'PZ', 17),
	(192, 34, 'PZ', 17),
	(193, 34, 'LH', 17),
	(194, 34, 'CH', 17),
	(195, 34, 'PZ', 17),
	(196, 34, 'PZ', 17),
	(197, 34, 'LH', 17),
	(198, 34, 'CH', 17),
	(199, 34, 'PZ', 17),
	(200, 34, 'PZ', 17),
	(201, 34, 'LH', 17),
	(202, 34, 'CH', 17),
	(203, 34, 'PZ', 17),
	(204, 34, 'PZ', 17),
	(205, 34, 'ZV', 16),
	(206, 34, 'ZV', 16),
	(207, 34, 'SR', 16),
	(208, 34, 'BT', 16),
	(209, 34, 'ZV', 16),
	(210, 34, 'ZV', 16),
	(211, 34, 'SR', 16),
	(212, 34, 'BT', 16),
	(213, 34, 'ZV', 16),
	(214, 34, 'ZV', 16),
	(215, 34, 'SR', 16),
	(216, 34, 'BT', 16),
	(217, 34, 'ZV', 16),
	(218, 34, 'ZV', 16),
	(219, 34, 'SR', 16),
	(220, 34, 'BT', 16),
	(221, 34, 'ZV', 16),
	(222, 34, 'ZV', 16),
	(223, 34, 'SR', 16),
	(224, 34, 'BT', 16),
	(225, 34, 'ZV', 16),
	(226, 34, 'ZV', 16),
	(227, 34, 'SR', 16),
	(228, 34, 'BT', 16),
	(229, 34, 'ZV', 16),
	(230, 34, 'ZV', 16),
	(231, 34, 'SR', 16),
	(232, 34, 'BT', 16),
	(233, 34, 'ZV', 16),
	(234, 34, 'ZV', 16),
	(235, 34, 'SR', 16),
	(236, 34, 'BT', 16),
	(237, 34, 'ZV', 16),
	(238, 34, 'ZV', 16),
	(239, 34, 'MD', 15),
	(240, 34, 'MD', 15),
	(241, 34, 'TF', 15),
	(242, 34, 'BS', 15),
	(243, 34, 'MD', 15),
	(244, 34, 'MD', 15),
	(245, 34, 'TF', 15),
	(246, 34, 'BS', 15),
	(247, 34, 'MD', 15),
	(248, 34, 'MD', 15),
	(249, 34, 'TF', 15),
	(250, 34, 'BS', 15),
	(251, 34, 'MD', 15),
	(252, 34, 'MD', 15),
	(253, 34, 'TF', 15),
	(254, 34, 'BS', 15),
	(255, 34, 'MD', 15),
	(256, 34, 'MD', 15),
	(257, 34, 'TF', 15),
	(258, 34, 'BS', 15),
	(259, 34, 'MD', 15),
	(260, 34, 'MD', 15),
	(261, 34, 'TF', 15),
	(262, 34, 'BS', 15),
	(263, 34, 'MD', 15),
	(264, 34, 'MD', 15),
	(265, 34, 'TF', 15),
	(266, 34, 'BS', 15),
	(267, 34, 'MD', 15),
	(268, 34, 'MD', 15),
	(269, 34, 'TF', 15),
	(270, 34, 'BS', 15),
	(271, 34, 'MD', 15),
	(272, 34, 'MD', 15),
	(273, 34, 'HH', 14),
	(274, 34, 'HH', 14),
	(275, 34, 'LA', 14),
	(276, 34, 'HE', 14),
	(277, 34, 'HH', 14),
	(278, 34, 'HH', 14),
	(279, 34, 'LA', 14),
	(280, 34, 'HE', 14),
	(281, 34, 'HH', 14),
	(282, 34, 'HH', 14),
	(283, 34, 'LA', 14),
	(284, 34, 'HE', 14),
	(285, 34, 'HH', 14),
	(286, 34, 'HH', 14),
	(287, 34, 'LA', 14),
	(288, 34, 'HE', 14),
	(289, 34, 'HH', 14),
	(290, 34, 'HH', 14),
	(291, 34, 'LA', 14),
	(292, 34, 'HE', 14),
	(293, 34, 'HH', 14),
	(294, 34, 'HH', 14),
	(295, 34, 'LA', 14),
	(296, 34, 'HE', 14),
	(297, 34, 'HH', 14),
	(298, 34, 'HH', 14),
	(299, 34, 'LA', 14),
	(300, 34, 'HE', 14),
	(301, 34, 'HH', 14),
	(302, 34, 'HH', 14),
	(303, 34, 'LA', 14),
	(304, 34, 'HE', 14),
	(305, 34, 'HH', 14),
	(306, 34, 'HH', 14),
	(307, 34, 'KV', 13),
	(308, 34, 'KV', 13),
	(309, 34, 'BD', 13),
	(310, 34, 'BK', 13),
	(311, 34, 'KV', 13),
	(312, 34, 'KV', 13),
	(313, 34, 'BD', 13),
	(314, 34, 'BK', 13),
	(315, 34, 'KV', 13),
	(316, 34, 'KV', 13),
	(317, 34, 'BD', 13),
	(318, 34, 'BK', 13),
	(319, 34, 'KV', 13),
	(320, 34, 'KV', 13),
	(321, 34, 'BD', 13),
	(322, 34, 'BK', 13),
	(323, 34, 'KV', 13),
	(324, 34, 'KV', 13),
	(325, 34, 'BD', 13),
	(326, 34, 'BK', 13),
	(327, 34, 'KV', 13),
	(328, 34, 'KV', 13),
	(329, 34, 'BD', 13),
	(330, 34, 'BK', 13),
	(331, 34, 'KV', 13),
	(332, 34, 'KV', 13),
	(333, 34, 'BD', 13),
	(334, 34, 'BK', 13),
	(335, 34, 'KV', 13),
	(336, 34, 'KV', 13),
	(337, 34, 'BD', 13),
	(338, 34, 'BK', 13),
	(339, 34, 'KV', 13),
	(340, 34, 'KV', 13),
	(341, 34, 'LH', 12),
	(342, 34, 'LH', 12),
	(343, 34, 'BF', 12),
	(344, 34, 'SL', 12),
	(345, 34, 'LH', 12),
	(346, 34, 'LH', 12),
	(347, 34, 'BF', 12),
	(348, 34, 'SL', 12),
	(349, 34, 'LH', 12),
	(350, 34, 'LH', 12),
	(351, 34, 'BF', 12),
	(352, 34, 'SL', 12),
	(353, 34, 'LH', 12),
	(354, 34, 'LH', 12),
	(355, 34, 'BF', 12),
	(356, 34, 'SL', 12),
	(357, 34, 'LH', 12),
	(358, 34, 'LH', 12),
	(359, 34, 'BF', 12),
	(360, 34, 'SL', 12),
	(361, 34, 'LH', 12),
	(362, 34, 'LH', 12),
	(363, 34, 'BF', 12),
	(364, 34, 'SL', 12),
	(365, 34, 'LH', 12),
	(366, 34, 'LH', 12),
	(367, 34, 'BF', 12),
	(368, 34, 'SL', 12),
	(369, 34, 'LH', 12),
	(370, 34, 'LH', 12),
	(371, 34, 'BF', 12),
	(372, 34, 'SL', 12),
	(373, 34, 'LH', 12),
	(374, 34, 'LH', 12),
	(375, 34, 'SR', 11),
	(376, 34, 'SR', 11),
	(377, 34, 'CH', 11),
	(378, 34, 'VM', 11),
	(379, 34, 'SR', 11),
	(380, 34, 'SR', 11),
	(381, 34, 'CH', 11),
	(382, 34, 'VM', 11),
	(383, 34, 'SR', 11),
	(384, 34, 'SR', 11),
	(385, 34, 'CH', 11),
	(386, 34, 'VM', 11),
	(387, 34, 'SR', 11),
	(388, 34, 'SR', 11),
	(389, 34, 'CH', 11),
	(390, 34, 'VM', 11),
	(391, 34, 'SR', 11),
	(392, 34, 'SR', 11),
	(393, 34, 'CH', 11),
	(394, 34, 'VM', 11),
	(395, 34, 'SR', 11),
	(396, 34, 'SR', 11),
	(397, 34, 'CH', 11),
	(398, 34, 'VM', 11),
	(399, 34, 'SR', 11),
	(400, 34, 'SR', 11),
	(401, 34, 'CH', 11),
	(402, 34, 'VM', 11),
	(403, 34, 'SR', 11),
	(404, 34, 'SR', 11),
	(405, 34, 'CH', 11),
	(406, 34, 'VM', 11),
	(407, 34, 'SR', 11),
	(408, 34, 'SR', 11),
	(409, 34, 'TF', 10),
	(410, 34, 'TF', 10),
	(411, 34, 'BT', 10),
	(412, 34, 'EP', 10),
	(413, 34, 'TF', 10),
	(414, 34, 'TF', 10),
	(415, 34, 'BT', 10),
	(416, 34, 'EP', 10),
	(417, 34, 'TF', 10),
	(418, 34, 'TF', 10),
	(419, 34, 'BT', 10),
	(420, 34, 'EP', 10),
	(421, 34, 'TF', 10),
	(422, 34, 'TF', 10),
	(423, 34, 'BT', 10),
	(424, 34, 'EP', 10),
	(425, 34, 'TF', 10),
	(426, 34, 'TF', 10),
	(427, 34, 'BT', 10),
	(428, 34, 'EP', 10),
	(429, 34, 'TF', 10),
	(430, 34, 'TF', 10),
	(431, 34, 'BT', 10),
	(432, 34, 'EP', 10),
	(433, 34, 'TF', 10),
	(434, 34, 'TF', 10),
	(435, 34, 'BT', 10),
	(436, 34, 'EP', 10),
	(437, 34, 'TF', 10),
	(438, 34, 'TF', 10),
	(439, 34, 'BT', 10),
	(440, 34, 'EP', 10),
	(441, 34, 'TF', 10),
	(442, 34, 'TF', 10),
	(443, 34, 'LA', 9),
	(444, 34, 'LA', 9),
	(445, 34, 'BS', 9),
	(446, 34, 'AR', 9),
	(447, 34, 'LA', 9),
	(448, 34, 'LA', 9),
	(449, 34, 'BS', 9),
	(450, 34, 'AR', 9),
	(451, 34, 'LA', 9),
	(452, 34, 'LA', 9),
	(453, 34, 'BS', 9),
	(454, 34, 'AR', 9),
	(455, 34, 'LA', 9),
	(456, 34, 'LA', 9),
	(457, 34, 'BS', 9),
	(458, 34, 'AR', 9),
	(459, 34, 'LA', 9),
	(460, 34, 'LA', 9),
	(461, 34, 'BS', 9),
	(462, 34, 'AR', 9),
	(463, 34, 'LA', 9),
	(464, 34, 'LA', 9),
	(465, 34, 'BS', 9),
	(466, 34, 'AR', 9),
	(467, 34, 'LA', 9),
	(468, 34, 'LA', 9),
	(469, 34, 'BS', 9),
	(470, 34, 'AR', 9),
	(471, 34, 'LA', 9),
	(472, 34, 'LA', 9),
	(473, 34, 'BS', 9),
	(474, 34, 'AR', 9),
	(475, 34, 'LA', 9),
	(476, 34, 'LA', 9),
	(477, 34, 'BD', 8),
	(478, 34, 'BD', 8),
	(479, 34, 'HE', 8),
	(480, 34, 'HB', 8),
	(481, 34, 'BD', 8),
	(482, 34, 'BD', 8),
	(483, 34, 'HE', 8),
	(484, 34, 'HB', 8),
	(485, 34, 'BD', 8),
	(486, 34, 'BD', 8),
	(487, 34, 'HE', 8),
	(488, 34, 'HB', 8),
	(489, 34, 'BD', 8),
	(490, 34, 'BD', 8),
	(491, 34, 'HE', 8),
	(492, 34, 'HB', 8),
	(493, 34, 'BD', 8),
	(494, 34, 'BD', 8),
	(495, 34, 'HE', 8),
	(496, 34, 'HB', 8),
	(497, 34, 'BD', 8),
	(498, 34, 'BD', 8),
	(499, 34, 'HE', 8),
	(500, 34, 'HB', 8),
	(501, 34, 'BD', 8),
	(502, 34, 'BD', 8),
	(503, 34, 'HE', 8),
	(504, 34, 'HB', 8),
	(505, 34, 'BD', 8),
	(506, 34, 'BD', 8),
	(507, 34, 'HE', 8),
	(508, 34, 'HB', 8),
	(509, 34, 'BD', 8),
	(510, 34, 'BD', 8),
	(511, 34, 'BF', 7),
	(512, 34, 'BF', 7),
	(513, 34, 'BK', 7),
	(514, 34, 'EH', 7),
	(515, 34, 'BF', 7),
	(516, 34, 'BF', 7),
	(517, 34, 'BK', 7),
	(518, 34, 'EH', 7),
	(519, 34, 'BF', 7),
	(520, 34, 'BF', 7),
	(521, 34, 'BK', 7),
	(522, 34, 'EH', 7),
	(523, 34, 'BF', 7),
	(524, 34, 'BF', 7),
	(525, 34, 'BK', 7),
	(526, 34, 'EH', 7),
	(527, 34, 'BF', 7),
	(528, 34, 'BF', 7),
	(529, 34, 'BK', 7),
	(530, 34, 'EH', 7),
	(531, 34, 'BF', 7),
	(532, 34, 'BF', 7),
	(533, 34, 'BK', 7),
	(534, 34, 'EH', 7),
	(535, 34, 'BF', 7),
	(536, 34, 'BF', 7),
	(537, 34, 'BK', 7),
	(538, 34, 'EH', 7),
	(539, 34, 'BF', 7),
	(540, 34, 'BF', 7),
	(541, 34, 'BK', 7),
	(542, 34, 'EH', 7),
	(543, 34, 'BF', 7),
	(544, 34, 'BF', 7),
	(545, 34, 'CH', 6),
	(546, 34, 'CH', 6),
	(547, 34, 'SL', 6),
	(548, 34, 'PZ', 6),
	(549, 34, 'CH', 6),
	(550, 34, 'CH', 6),
	(551, 34, 'SL', 6),
	(552, 34, 'PZ', 6),
	(553, 34, 'CH', 6),
	(554, 34, 'CH', 6),
	(555, 34, 'SL', 6),
	(556, 34, 'PZ', 6),
	(557, 34, 'CH', 6),
	(558, 34, 'CH', 6),
	(559, 34, 'SL', 6),
	(560, 34, 'PZ', 6),
	(561, 34, 'CH', 6),
	(562, 34, 'CH', 6),
	(563, 34, 'SL', 6),
	(564, 34, 'PZ', 6),
	(565, 34, 'CH', 6),
	(566, 34, 'CH', 6),
	(567, 34, 'SL', 6),
	(568, 34, 'PZ', 6),
	(569, 34, 'CH', 6),
	(570, 34, 'CH', 6),
	(571, 34, 'SL', 6),
	(572, 34, 'PZ', 6),
	(573, 34, 'CH', 6),
	(574, 34, 'CH', 6),
	(575, 34, 'SL', 6),
	(576, 34, 'PZ', 6),
	(577, 34, 'CH', 6),
	(578, 34, 'CH', 6),
	(579, 34, 'BT', 5),
	(580, 34, 'BT', 5),
	(581, 34, 'VM', 5),
	(582, 34, 'ZV', 5),
	(583, 34, 'BT', 5),
	(584, 34, 'BT', 5),
	(585, 34, 'VM', 5),
	(586, 34, 'ZV', 5),
	(587, 34, 'BT', 5),
	(588, 34, 'BT', 5),
	(589, 34, 'VM', 5),
	(590, 34, 'ZV', 5),
	(591, 34, 'BT', 5),
	(592, 34, 'BT', 5),
	(593, 34, 'VM', 5),
	(594, 34, 'ZV', 5),
	(595, 34, 'BT', 5),
	(596, 34, 'BT', 5),
	(597, 34, 'VM', 5),
	(598, 34, 'ZV', 5),
	(599, 34, 'BT', 5),
	(600, 34, 'BT', 5),
	(601, 34, 'VM', 5),
	(602, 34, 'ZV', 5),
	(603, 34, 'BT', 5),
	(604, 34, 'BT', 5),
	(605, 34, 'VM', 5),
	(606, 34, 'ZV', 5),
	(607, 34, 'BT', 5),
	(608, 34, 'BT', 5),
	(609, 34, 'VM', 5),
	(610, 34, 'ZV', 5),
	(611, 34, 'BT', 5),
	(612, 34, 'BT', 5),
	(613, 34, 'BS', 4),
	(614, 34, 'BS', 4),
	(615, 34, 'EP', 4),
	(616, 34, 'MD', 4),
	(617, 34, 'BS', 4),
	(618, 34, 'BS', 4),
	(619, 34, 'EP', 4),
	(620, 34, 'MD', 4),
	(621, 34, 'BS', 4),
	(622, 34, 'BS', 4),
	(623, 34, 'EP', 4),
	(624, 34, 'MD', 4),
	(625, 34, 'BS', 4),
	(626, 34, 'BS', 4),
	(627, 34, 'EP', 4),
	(628, 34, 'MD', 4),
	(629, 34, 'BS', 4),
	(630, 34, 'BS', 4),
	(631, 34, 'EP', 4),
	(632, 34, 'MD', 4),
	(633, 34, 'BS', 4),
	(634, 34, 'BS', 4),
	(635, 34, 'EP', 4),
	(636, 34, 'MD', 4),
	(637, 34, 'BS', 4),
	(638, 34, 'BS', 4),
	(639, 34, 'EP', 4),
	(640, 34, 'MD', 4),
	(641, 34, 'BS', 4),
	(642, 34, 'BS', 4),
	(643, 34, 'EP', 4),
	(644, 34, 'MD', 4),
	(645, 34, 'BS', 4),
	(646, 34, 'BS', 4),
	(647, 34, 'HE', 3),
	(648, 34, 'HE', 3),
	(649, 34, 'AR', 3),
	(650, 34, 'HH', 3),
	(651, 34, 'HE', 3),
	(652, 34, 'HE', 3),
	(653, 34, 'AR', 3),
	(654, 34, 'HH', 3),
	(655, 34, 'HE', 3),
	(656, 34, 'HE', 3),
	(657, 34, 'AR', 3),
	(658, 34, 'HH', 3),
	(659, 34, 'HE', 3),
	(660, 34, 'HE', 3),
	(661, 34, 'AR', 3),
	(662, 34, 'HH', 3),
	(663, 34, 'HE', 3),
	(664, 34, 'HE', 3),
	(665, 34, 'AR', 3),
	(666, 34, 'HH', 3),
	(667, 34, 'HE', 3),
	(668, 34, 'HE', 3),
	(669, 34, 'AR', 3),
	(670, 34, 'HH', 3),
	(671, 34, 'HE', 3),
	(672, 34, 'HE', 3),
	(673, 34, 'AR', 3),
	(674, 34, 'HH', 3),
	(675, 34, 'HE', 3),
	(676, 34, 'HE', 3),
	(677, 34, 'AR', 3),
	(678, 34, 'HH', 3),
	(679, 34, 'HE', 3),
	(680, 34, 'HE', 3),
	(681, 34, 'BK', 2),
	(682, 34, 'BK', 2),
	(683, 34, 'HB', 2),
	(684, 34, 'KV', 2),
	(685, 34, 'BK', 2),
	(686, 34, 'BK', 2),
	(687, 34, 'HB', 2),
	(688, 34, 'KV', 2),
	(689, 34, 'BK', 2),
	(690, 34, 'BK', 2),
	(691, 34, 'HB', 2),
	(692, 34, 'KV', 2),
	(693, 34, 'BK', 2),
	(694, 34, 'BK', 2),
	(695, 34, 'HB', 2),
	(696, 34, 'KV', 2),
	(697, 34, 'BK', 2),
	(698, 34, 'BK', 2),
	(699, 34, 'HB', 2),
	(700, 34, 'KV', 2),
	(701, 34, 'BK', 2),
	(702, 34, 'BK', 2),
	(703, 34, 'HB', 2),
	(704, 34, 'KV', 2),
	(705, 34, 'BK', 2),
	(706, 34, 'BK', 2),
	(707, 34, 'HB', 2),
	(708, 34, 'KV', 2),
	(709, 34, 'BK', 2),
	(710, 34, 'BK', 2),
	(711, 34, 'HB', 2),
	(712, 34, 'KV', 2),
	(713, 34, 'BK', 2),
	(714, 34, 'BK', 2),
	(715, 34, 'SL', 1),
	(716, 34, 'SL', 1),
	(717, 34, 'EH', 1),
	(718, 34, 'LH', 1),
	(719, 34, 'SL', 1),
	(720, 34, 'SL', 1),
	(721, 34, 'EH', 1),
	(722, 34, 'LH', 1),
	(723, 34, 'SL', 1),
	(724, 34, 'SL', 1),
	(725, 34, 'EH', 1),
	(726, 34, 'LH', 1),
	(727, 34, 'SL', 1),
	(728, 34, 'SL', 1),
	(729, 34, 'EH', 1),
	(730, 34, 'LH', 1),
	(731, 34, 'SL', 1),
	(732, 34, 'SL', 1),
	(733, 34, 'EH', 1),
	(734, 34, 'LH', 1),
	(735, 34, 'SL', 1),
	(736, 34, 'SL', 1),
	(737, 34, 'EH', 1),
	(738, 34, 'LH', 1),
	(739, 34, 'SL', 1),
	(740, 34, 'SL', 1),
	(741, 34, 'EH', 1),
	(742, 34, 'LH', 1),
	(743, 34, 'SL', 1),
	(744, 34, 'SL', 1),
	(745, 34, 'EH', 1),
	(746, 34, 'LH', 1),
	(747, 34, 'SL', 1),
	(748, 34, 'SL', 1);
/*!40000 ALTER TABLE `b2csf_guideme_answer_value` ENABLE KEYS */;

-- Export de la structure de la table pvhd. b2csf_guideme_question
CREATE TABLE IF NOT EXISTS `b2csf_guideme_question` (
  `id` int(11) NOT NULL AUTO_INCREMENT,
  `code` varchar(55) COLLATE utf8_unicode_ci NOT NULL,
  `label` varchar(255) COLLATE utf8_unicode_ci NOT NULL,
  `pounderation` int(11) NOT NULL DEFAULT 0,
  PRIMARY KEY (`id`)
) ENGINE=InnoDB AUTO_INCREMENT=6 DEFAULT CHARSET=utf8 COLLATE=utf8_unicode_ci;

-- Export de données de la table pvhd.b2csf_guideme_question : ~5 rows (environ)
DELETE FROM `b2csf_guideme_question`;
/*!40000 ALTER TABLE `b2csf_guideme_question` DISABLE KEYS */;
INSERT INTO `b2csf_guideme_question` (`id`, `code`, `label`, `pounderation`) VALUES
	(1, 'market', 'Market', 10),
	(2, 'travelling-company', 'travelling company', 9),
	(3, 'activity', 'activity', 7),
	(4, 'environment', 'environment', 8),
	(5, 'accommodation', 'Accommodation', 6);
/*!40000 ALTER TABLE `b2csf_guideme_question` ENABLE KEYS */;

/*!40101 SET SQL_MODE=IFNULL(@OLD_SQL_MODE, '') */;
/*!40014 SET FOREIGN_KEY_CHECKS=IF(@OLD_FOREIGN_KEY_CHECKS IS NULL, 1, @OLD_FOREIGN_KEY_CHECKS) */;
/*!40101 SET CHARACTER_SET_CLIENT=@OLD_CHARACTER_SET_CLIENT */;
